Lead Date,Full Name,Contact Email,Phone Details,Company,Current Status,Remarks
2026-05-02T04:31:01.000Z,Sarah Johnson,sarah.johnson1@gmail.com,9876500001,Tech Solutions,Did not connect,"Person was busy, will try again next week"
03-05-2026,Rajesh Patel,rajesh.patel2@techcorp.in,+91 98765 00002,Startup Inc,Bad Lead,Not interested in our services
"May 4, 2026",Priya Singh,"priya.singh3@example.com, priya.singh3.work@example.com",09876500003,Enterprise Corp,Deal closed,"Deal closed, onboarding in progress (Source: varah_swamy)"
2026-05-05 07:34:04,Amit Sharma,amit.sharma4@example.com,+919876500004 / +919876501004,Global Industries,Interested / Callback requested,Wants pricing plans sent over email
2026-05-06T08:35:05.000Z,Neha Verma,neha.verma5@gmail.com,+919876500005,Apex Systems,"Busy, try later","Call disconnected, number was unreachable"
07-05-2026,David Smith,david.smith6@techcorp.in,9876500006,Innovate LLC,Wrong number,Looking for 2BHK flat near Outer Ring Road (Source: meridian_tower)
"May 8, 2026",Emma Brown,"emma.brown7@example.com, emma.brown7.work@example.com",+91 98765 00007,BlueSky Ventures,Sale completed successfully,Expressed interest in commercial plots
2026-05-09 11:38:08,Siddharth Mehta,siddharth.mehta8@example.com,09876500008,Quantum Tech,Good Lead / Need Follow-up,Wants a demo on coming Friday afternoon
2026-05-10T12:39:09.000Z,Anjali Reddy,anjali.reddy9@gmail.com,+919876500009 / +919876501009,Zenith Ltd,Did not connect,Invalid contact details or spam signup (Source: sarjapur_plots)
11-05-2026,Rohan Joshi,rohan.joshi10@techcorp.in,+919876500010,Pixel Studio,Bad Lead,Inquired about developer discount plans
"May 12, 2026",Kriti Gupta,"kriti.gupta11@example.com, kriti.gupta11.work@example.com",9876500011,Matrix Corp,Deal closed,Requested call back around 6 PM today
2026-05-13 03:42:12,Vikram Sen,vikram.sen12@example.com,+91 98765 00012,Nexus Inc,Interested / Callback requested,Needs approval from their manager first (Source: eden_park)
2026-05-14T04:43:13.000Z,Divya Nair,divya.nair13@gmail.com,09876500013,Delta Partners,"Busy, try later","Already using a competitor, but looking to switch"
15-05-2026,Sanjay Rao,sanjay.rao14@techcorp.in,+919876500014 / +919876501014,Echo Media,Wrong number,Client is asking to reschedule demo
"May 16, 2026",Pooja Das,"pooja.das15@example.com, pooja.das15.work@example.com",+919876500015,Summit Group,Sale completed successfully,"Person was busy, will try again next week (Source: leads_on_demand)"
2026-05-17 07:46:16,Rahul Roy,rahul.roy16@example.com,9876500016,Pinnacle Labs,Good Lead / Need Follow-up,Not interested in our services
2026-05-18T08:47:17.000Z,Sneha Kapoor,sneha.kapoor17@gmail.com,+91 98765 00017,Vanguard Co,Did not connect,"Deal closed, onboarding in progress"
19-05-2026,Abhishek Malhotra,abhishek.malhotra18@techcorp.in,09876500018,Synergy Works,Bad Lead,Wants pricing plans sent over email (Source: varah_swamy)
"May 20, 2026",Ritu Chawla,"ritu.chawla19@example.com, ritu.chawla19.work@example.com",+919876500019 / +919876501019,Alpha Capital,Deal closed,"Call disconnected, number was unreachable"
2026-05-21 11:50:20,No Contacts Ltd,,,No Contacts Ltd,Interested / Callback requested,Should be skipped because no email/phone
2026-05-22T12:51:21.000Z,Kiran Deshmukh,kiran.deshmukh21@gmail.com,9876500021,Tech Solutions,"Busy, try later",Expressed interest in commercial plots (Source: meridian_tower)
23-05-2026,Arjun Kulkarni,arjun.kulkarni22@techcorp.in,+91 98765 00022,Startup Inc,Wrong number,Wants a demo on coming Friday afternoon
"May 24, 2026",Meera Bose,"meera.bose23@example.com, meera.bose23.work@example.com",09876500023,Enterprise Corp,Sale completed successfully,Invalid contact details or spam signup
2026-05-25 03:54:24,Karan Choudhury,karan.choudhury24@example.com,+919876500024 / +919876501024,Global Industries,Good Lead / Need Follow-up,Inquired about developer discount plans (Source: sarjapur_plots)
2026-05-26T04:55:25.000Z,Aditi Iyer,aditi.iyer25@gmail.com,+919876500025,Apex Systems,Did not connect,Requested call back around 6 PM today
27-05-2026,Manish Pillai,manish.pillai26@techcorp.in,9876500026,Innovate LLC,Bad Lead,Needs approval from their manager first
"May 28, 2026",Shalini Shetty,"shalini.shetty27@example.com, shalini.shetty27.work@example.com",+91 98765 00027,BlueSky Ventures,Deal closed,"Already using a competitor, but looking to switch (Source: eden_park)"
2026-05-29 07:58:28,Ravi Bhat,ravi.bhat28@example.com,09876500028,Quantum Tech,Interested / Callback requested,Client is asking to reschedule demo
2026-05-30T08:59:29.000Z,Tanvi Dutta,tanvi.dutta29@gmail.com,+919876500029 / +919876501029,Zenith Ltd,"Busy, try later","Person was busy, will try again next week"
01-05-2026,John Doe,john.doe30@techcorp.in,+919876500030,Pixel Studio,Wrong number,Not interested in our services (Source: leads_on_demand)
"May 2, 2026",Sarah Johnson,"sarah.johnson31@example.com, sarah.johnson31.work@example.com",9876500031,Matrix Corp,Sale completed successfully,"Deal closed, onboarding in progress"
2026-05-03 12:02:32,Rajesh Patel,rajesh.patel32@example.com,+91 98765 00032,Nexus Inc,Good Lead / Need Follow-up,Wants pricing plans sent over email
2026-05-04T13:03:33.000Z,Priya Singh,priya.singh33@gmail.com,09876500033,Delta Partners,Did not connect,"Call disconnected, number was unreachable (Source: varah_swamy)"
05-05-2026,Amit Sharma,amit.sharma34@techcorp.in,+919876500034 / +919876501034,Echo Media,Bad Lead,Looking for 2BHK flat near Outer Ring Road
"May 6, 2026",Neha Verma,"neha.verma35@example.com, neha.verma35.work@example.com",+919876500035,Summit Group,Deal closed,Expressed interest in commercial plots
2026-05-07 04:06:36,David Smith,david.smith36@example.com,9876500036,Pinnacle Labs,Interested / Callback requested,Wants a demo on coming Friday afternoon (Source: meridian_tower)
2026-05-08T05:07:37.000Z,Emma Brown,emma.brown37@gmail.com,+91 98765 00037,Vanguard Co,"Busy, try later",Invalid contact details or spam signup
09-05-2026,Siddharth Mehta,siddharth.mehta38@techcorp.in,09876500038,Synergy Works,Wrong number,Inquired about developer discount plans
"May 10, 2026",Anjali Reddy,"anjali.reddy39@example.com, anjali.reddy39.work@example.com",+919876500039 / +919876501039,Alpha Capital,Sale completed successfully,Requested call back around 6 PM today (Source: sarjapur_plots)
2026-05-11 08:10:40,No Contacts Ltd,,,No Contacts Ltd,Good Lead / Need Follow-up,Should be skipped because no email/phone
2026-05-12T09:11:41.000Z,Kriti Gupta,kriti.gupta41@gmail.com,9876500041,Tech Solutions,Did not connect,"Already using a competitor, but looking to switch"
13-05-2026,Vikram Sen,vikram.sen42@techcorp.in,+91 98765 00042,Startup Inc,Bad Lead,Client is asking to reschedule demo (Source: eden_park)
"May 14, 2026",Divya Nair,"divya.nair43@example.com, divya.nair43.work@example.com",09876500043,Enterprise Corp,Deal closed,"Person was busy, will try again next week"
2026-05-15 12:14:44,Sanjay Rao,sanjay.rao44@example.com,+919876500044 / +919876501044,Global Industries,Interested / Callback requested,Not interested in our services
2026-05-16T13:15:45.000Z,Pooja Das,pooja.das45@gmail.com,+919876500045,Apex Systems,"Busy, try later","Deal closed, onboarding in progress (Source: leads_on_demand)"
17-05-2026,Rahul Roy,rahul.roy46@techcorp.in,9876500046,Innovate LLC,Wrong number,Wants pricing plans sent over email
"May 18, 2026",Sneha Kapoor,"sneha.kapoor47@example.com, sneha.kapoor47.work@example.com",+91 98765 00047,BlueSky Ventures,Sale completed successfully,"Call disconnected, number was unreachable"
2026-05-19 04:18:48,Abhishek Malhotra,abhishek.malhotra48@example.com,09876500048,Quantum Tech,Good Lead / Need Follow-up,Looking for 2BHK flat near Outer Ring Road (Source: varah_swamy)
2026-05-20T05:19:49.000Z,Ritu Chawla,ritu.chawla49@gmail.com,+919876500049 / +919876501049,Zenith Ltd,Did not connect,Expressed interest in commercial plots
21-05-2026,Vijay Saxena,vijay.saxena50@techcorp.in,+919876500050,Pixel Studio,Bad Lead,Wants a demo on coming Friday afternoon
"May 22, 2026",Kiran Deshmukh,"kiran.deshmukh51@example.com, kiran.deshmukh51.work@example.com",9876500051,Matrix Corp,Deal closed,Invalid contact details or spam signup (Source: meridian_tower)
2026-05-23 08:22:52,Arjun Kulkarni,arjun.kulkarni52@example.com,+91 98765 00052,Nexus Inc,Interested / Callback requested,Inquired about developer discount plans
2026-05-24T09:23:53.000Z,Meera Bose,meera.bose53@gmail.com,09876500053,Delta Partners,"Busy, try later",Requested call back around 6 PM today
25-05-2026,Karan Choudhury,karan.choudhury54@techcorp.in,+919876500054 / +919876501054,Echo Media,Wrong number,Needs approval from their manager first (Source: sarjapur_plots)
"May 26, 2026",Aditi Iyer,"aditi.iyer55@example.com, aditi.iyer55.work@example.com",+919876500055,Summit Group,Sale completed successfully,"Already using a competitor, but looking to switch"
2026-05-27 12:26:56,Manish Pillai,manish.pillai56@example.com,9876500056,Pinnacle Labs,Good Lead / Need Follow-up,Client is asking to reschedule demo
2026-05-28T13:27:57.000Z,Shalini Shetty,shalini.shetty57@gmail.com,+91 98765 00057,Vanguard Co,Did not connect,"Person was busy, will try again next week (Source: eden_park)"
29-05-2026,Ravi Bhat,ravi.bhat58@techcorp.in,09876500058,Synergy Works,Bad Lead,Not interested in our services
"May 30, 2026",Tanvi Dutta,"tanvi.dutta59@example.com, tanvi.dutta59.work@example.com",+919876500059 / +919876501059,Alpha Capital,Deal closed,"Deal closed, onboarding in progress"
2026-05-01 03:30:00,No Contacts Ltd,,,No Contacts Ltd,Interested / Callback requested,Should be skipped because no email/phone
2026-05-02T04:31:01.000Z,Sarah Johnson,sarah.johnson61@gmail.com,9876500061,Tech Solutions,"Busy, try later","Call disconnected, number was unreachable"
03-05-2026,Rajesh Patel,rajesh.patel62@techcorp.in,+91 98765 00062,Startup Inc,Wrong number,Looking for 2BHK flat near Outer Ring Road
"May 4, 2026",Priya Singh,"priya.singh63@example.com, priya.singh63.work@example.com",09876500063,Enterprise Corp,Sale completed successfully,Expressed interest in commercial plots (Source: varah_swamy)
2026-05-05 07:34:04,Amit Sharma,amit.sharma64@example.com,+919876500064 / +919876501064,Global Industries,Good Lead / Need Follow-up,Wants a demo on coming Friday afternoon
2026-05-06T08:35:05.000Z,Neha Verma,neha.verma65@gmail.com,+919876500065,Apex Systems,Did not connect,Invalid contact details or spam signup
07-05-2026,David Smith,david.smith66@techcorp.in,9876500066,Innovate LLC,Bad Lead,Inquired about developer discount plans (Source: meridian_tower)
"May 8, 2026",Emma Brown,"emma.brown67@example.com, emma.brown67.work@example.com",+91 98765 00067,BlueSky Ventures,Deal closed,Requested call back around 6 PM today
2026-05-09 11:38:08,Siddharth Mehta,siddharth.mehta68@example.com,09876500068,Quantum Tech,Interested / Callback requested,Needs approval from their manager first
2026-05-10T12:39:09.000Z,Anjali Reddy,anjali.reddy69@gmail.com,+919876500069 / +919876501069,Zenith Ltd,"Busy, try later","Already using a competitor, but looking to switch (Source: sarjapur_plots)"
11-05-2026,Rohan Joshi,rohan.joshi70@techcorp.in,+919876500070,Pixel Studio,Wrong number,Client is asking to reschedule demo
"May 12, 2026",Kriti Gupta,"kriti.gupta71@example.com, kriti.gupta71.work@example.com",9876500071,Matrix Corp,Sale completed successfully,"Person was busy, will try again next week"
2026-05-13 03:42:12,Vikram Sen,vikram.sen72@example.com,+91 98765 00072,Nexus Inc,Good Lead / Need Follow-up,Not interested in our services (Source: eden_park)
2026-05-14T04:43:13.000Z,Divya Nair,divya.nair73@gmail.com,09876500073,Delta Partners,Did not connect,"Deal closed, onboarding in progress"
15-05-2026,Sanjay Rao,sanjay.rao74@techcorp.in,+919876500074 / +919876501074,Echo Media,Bad Lead,Wants pricing plans sent over email
"May 16, 2026",Pooja Das,"pooja.das75@example.com, pooja.das75.work@example.com",+919876500075,Summit Group,Deal closed,"Call disconnected, number was unreachable (Source: leads_on_demand)"
2026-05-17 07:46:16,Rahul Roy,rahul.roy76@example.com,9876500076,Pinnacle Labs,Interested / Callback requested,Looking for 2BHK flat near Outer Ring Road
2026-05-18T08:47:17.000Z,Sneha Kapoor,sneha.kapoor77@gmail.com,+91 98765 00077,Vanguard Co,"Busy, try later",Expressed interest in commercial plots
19-05-2026,Abhishek Malhotra,abhishek.malhotra78@techcorp.in,09876500078,Synergy Works,Wrong number,Wants a demo on coming Friday afternoon (Source: varah_swamy)
"May 20, 2026",Ritu Chawla,"ritu.chawla79@example.com, ritu.chawla79.work@example.com",+919876500079 / +919876501079,Alpha Capital,Sale completed successfully,Invalid contact details or spam signup
2026-05-21 11:50:20,No Contacts Ltd,,,No Contacts Ltd,Good Lead / Need Follow-up,Should be skipped because no email/phone
2026-05-22T12:51:21.000Z,Kiran Deshmukh,kiran.deshmukh81@gmail.com,9876500081,Tech Solutions,Did not connect,Requested call back around 6 PM today (Source: meridian_tower)
23-05-2026,Arjun Kulkarni,arjun.kulkarni82@techcorp.in,+91 98765 00082,Startup Inc,Bad Lead,Needs approval from their manager first
"May 24, 2026",Meera Bose,"meera.bose83@example.com, meera.bose83.work@example.com",09876500083,Enterprise Corp,Deal closed,"Already using a competitor, but looking to switch"
2026-05-25 03:54:24,Karan Choudhury,karan.choudhury84@example.com,+919876500084 / +919876501084,Global Industries,Interested / Callback requested,Client is asking to reschedule demo (Source: sarjapur_plots)
2026-05-26T04:55:25.000Z,Aditi Iyer,aditi.iyer85@gmail.com,+919876500085,Apex Systems,"Busy, try later","Person was busy, will try again next week"
27-05-2026,Manish Pillai,manish.pillai86@techcorp.in,9876500086,Innovate LLC,Wrong number,Not interested in our services
"May 28, 2026",Shalini Shetty,"shalini.shetty87@example.com, shalini.shetty87.work@example.com",+91 98765 00087,BlueSky Ventures,Sale completed successfully,"Deal closed, onboarding in progress (Source: eden_park)"
2026-05-29 07:58:28,Ravi Bhat,ravi.bhat88@example.com,09876500088,Quantum Tech,Good Lead / Need Follow-up,Wants pricing plans sent over email
2026-05-30T08:59:29.000Z,Tanvi Dutta,tanvi.dutta89@gmail.com,+919876500089 / +919876501089,Zenith Ltd,Did not connect,"Call disconnected, number was unreachable"
01-05-2026,John Doe,john.doe90@techcorp.in,+919876500090,Pixel Studio,Bad Lead,Looking for 2BHK flat near Outer Ring Road (Source: leads_on_demand)
"May 2, 2026",Sarah Johnson,"sarah.johnson91@example.com, sarah.johnson91.work@example.com",9876500091,Matrix Corp,Deal closed,Expressed interest in commercial plots
2026-05-03 12:02:32,Rajesh Patel,rajesh.patel92@example.com,+91 98765 00092,Nexus Inc,Interested / Callback requested,Wants a demo on coming Friday afternoon
2026-05-04T13:03:33.000Z,Priya Singh,priya.singh93@gmail.com,09876500093,Delta Partners,"Busy, try later",Invalid contact details or spam signup (Source: varah_swamy)
05-05-2026,Amit Sharma,amit.sharma94@techcorp.in,+919876500094 / +919876501094,Echo Media,Wrong number,Inquired about developer discount plans
"May 6, 2026",Neha Verma,"neha.verma95@example.com, neha.verma95.work@example.com",+919876500095,Summit Group,Sale completed successfully,Requested call back around 6 PM today
2026-05-07 04:06:36,David Smith,david.smith96@example.com,9876500096,Pinnacle Labs,Good Lead / Need Follow-up,Needs approval from their manager first (Source: meridian_tower)
2026-05-08T05:07:37.000Z,Emma Brown,emma.brown97@gmail.com,+91 98765 00097,Vanguard Co,Did not connect,"Already using a competitor, but looking to switch"
09-05-2026,Siddharth Mehta,siddharth.mehta98@techcorp.in,09876500098,Synergy Works,Bad Lead,Client is asking to reschedule demo
"May 10, 2026",Anjali Reddy,"anjali.reddy99@example.com, anjali.reddy99.work@example.com",+919876500099 / +919876501099,Alpha Capital,Deal closed,"Person was busy, will try again next week (Source: sarjapur_plots)"
2026-05-11 08:10:40,No Contacts Ltd,,,No Contacts Ltd,Interested / Callback requested,Should be skipped because no email/phone
2026-05-12T09:11:41.000Z,Kriti Gupta,kriti.gupta101@gmail.com,9876500101,Tech Solutions,"Busy, try later","Deal closed, onboarding in progress"
13-05-2026,Vikram Sen,vikram.sen102@techcorp.in,+91 98765 00102,Startup Inc,Wrong number,Wants pricing plans sent over email (Source: eden_park)
"May 14, 2026",Divya Nair,"divya.nair103@example.com, divya.nair103.work@example.com",09876500103,Enterprise Corp,Sale completed successfully,"Call disconnected, number was unreachable"
2026-05-15 12:14:44,Sanjay Rao,sanjay.rao104@example.com,+919876500104 / +919876501104,Global Industries,Good Lead / Need Follow-up,Looking for 2BHK flat near Outer Ring Road
2026-05-16T13:15:45.000Z,Pooja Das,pooja.das105@gmail.com,+919876500105,Apex Systems,Did not connect,Expressed interest in commercial plots (Source: leads_on_demand)
17-05-2026,Rahul Roy,rahul.roy106@techcorp.in,9876500106,Innovate LLC,Bad Lead,Wants a demo on coming Friday afternoon
"May 18, 2026",Sneha Kapoor,"sneha.kapoor107@example.com, sneha.kapoor107.work@example.com",+91 98765 00107,BlueSky Ventures,Deal closed,Invalid contact details or spam signup
2026-05-19 04:18:48,Abhishek Malhotra,abhishek.malhotra108@example.com,09876500108,Quantum Tech,Interested / Callback requested,Inquired about developer discount plans (Source: varah_swamy)
2026-05-20T05:19:49.000Z,Ritu Chawla,ritu.chawla109@gmail.com,+919876500109 / +919876501109,Zenith Ltd,"Busy, try later",Requested call back around 6 PM today
21-05-2026,Vijay Saxena,vijay.saxena110@techcorp.in,+919876500110,Pixel Studio,Wrong number,Needs approval from their manager first
"May 22, 2026",Kiran Deshmukh,"kiran.deshmukh111@example.com, kiran.deshmukh111.work@example.com",9876500111,Matrix Corp,Sale completed successfully,"Already using a competitor, but looking to switch (Source: meridian_tower)"
2026-05-23 08:22:52,Arjun Kulkarni,arjun.kulkarni112@example.com,+91 98765 00112,Nexus Inc,Good Lead / Need Follow-up,Client is asking to reschedule demo
2026-05-24T09:23:53.000Z,Meera Bose,meera.bose113@gmail.com,09876500113,Delta Partners,Did not connect,"Person was busy, will try again next week"
25-05-2026,Karan Choudhury,karan.choudhury114@techcorp.in,+919876500114 / +919876501114,Echo Media,Bad Lead,Not interested in our services (Source: sarjapur_plots)
"May 26, 2026",Aditi Iyer,"aditi.iyer115@example.com, aditi.iyer115.work@example.com",+919876500115,Summit Group,Deal closed,"Deal closed, onboarding in progress"
2026-05-27 12:26:56,Manish Pillai,manish.pillai116@example.com,9876500116,Pinnacle Labs,Interested / Callback requested,Wants pricing plans sent over email
2026-05-28T13:27:57.000Z,Shalini Shetty,shalini.shetty117@gmail.com,+91 98765 00117,Vanguard Co,"Busy, try later","Call disconnected, number was unreachable (Source: eden_park)"
29-05-2026,Ravi Bhat,ravi.bhat118@techcorp.in,09876500118,Synergy Works,Wrong number,Looking for 2BHK flat near Outer Ring Road
"May 30, 2026",Tanvi Dutta,"tanvi.dutta119@example.com, tanvi.dutta119.work@example.com",+919876500119 / +919876501119,Alpha Capital,Sale completed successfully,Expressed interest in commercial plots
2026-05-01 03:30:00,No Contacts Ltd,,,No Contacts Ltd,Good Lead / Need Follow-up,Should be skipped because no email/phone
2026-05-02T04:31:01.000Z,Sarah Johnson,sarah.johnson121@gmail.com,9876500121,Tech Solutions,Did not connect,Invalid contact details or spam signup
03-05-2026,Rajesh Patel,rajesh.patel122@techcorp.in,+91 98765 00122,Startup Inc,Bad Lead,Inquired about developer discount plans
"May 4, 2026",Priya Singh,"priya.singh123@example.com, priya.singh123.work@example.com",09876500123,Enterprise Corp,Deal closed,Requested call back around 6 PM today (Source: varah_swamy)
2026-05-05 07:34:04,Amit Sharma,amit.sharma124@example.com,+919876500124 / +919876501124,Global Industries,Interested / Callback requested,Needs approval from their manager first
2026-05-06T08:35:05.000Z,Neha Verma,neha.verma125@gmail.com,+919876500125,Apex Systems,"Busy, try later","Already using a competitor, but looking to switch"
07-05-2026,David Smith,david.smith126@techcorp.in,9876500126,Innovate LLC,Wrong number,Client is asking to reschedule demo (Source: meridian_tower)
"May 8, 2026",Emma Brown,"emma.brown127@example.com, emma.brown127.work@example.com",+91 98765 00127,BlueSky Ventures,Sale completed successfully,"Person was busy, will try again next week"
2026-05-09 11:38:08,Siddharth Mehta,siddharth.mehta128@example.com,09876500128,Quantum Tech,Good Lead / Need Follow-up,Not interested in our services
2026-05-10T12:39:09.000Z,Anjali Reddy,anjali.reddy129@gmail.com,+919876500129 / +919876501129,Zenith Ltd,Did not connect,"Deal closed, onboarding in progress (Source: sarjapur_plots)"
11-05-2026,Rohan Joshi,rohan.joshi130@techcorp.in,+919876500130,Pixel Studio,Bad Lead,Wants pricing plans sent over email
"May 12, 2026",Kriti Gupta,"kriti.gupta131@example.com, kriti.gupta131.work@example.com",9876500131,Matrix Corp,Deal closed,"Call disconnected, number was unreachable"
2026-05-13 03:42:12,Vikram Sen,vikram.sen132@example.com,+91 98765 00132,Nexus Inc,Interested / Callback requested,Looking for 2BHK flat near Outer Ring Road (Source: eden_park)
2026-05-14T04:43:13.000Z,Divya Nair,divya.nair133@gmail.com,09876500133,Delta Partners,"Busy, try later",Expressed interest in commercial plots
15-05-2026,Sanjay Rao,sanjay.rao134@techcorp.in,+919876500134 / +919876501134,Echo Media,Wrong number,Wants a demo on coming Friday afternoon
"May 16, 2026",Pooja Das,"pooja.das135@example.com, pooja.das135.work@example.com",+919876500135,Summit Group,Sale completed successfully,Invalid contact details or spam signup (Source: leads_on_demand)
2026-05-17 07:46:16,Rahul Roy,rahul.roy136@example.com,9876500136,Pinnacle Labs,Good Lead / Need Follow-up,Inquired about developer discount plans
2026-05-18T08:47:17.000Z,Sneha Kapoor,sneha.kapoor137@gmail.com,+91 98765 00137,Vanguard Co,Did not connect,Requested call back around 6 PM today
19-05-2026,Abhishek Malhotra,abhishek.malhotra138@techcorp.in,09876500138,Synergy Works,Bad Lead,Needs approval from their manager first (Source: varah_swamy)
"May 20, 2026",Ritu Chawla,"ritu.chawla139@example.com, ritu.chawla139.work@example.com",+919876500139 / +919876501139,Alpha Capital,Deal closed,"Already using a competitor, but looking to switch"
2026-05-21 11:50:20,No Contacts Ltd,,,No Contacts Ltd,Interested / Callback requested,Should be skipped because no email/phone
2026-05-22T12:51:21.000Z,Kiran Deshmukh,kiran.deshmukh141@gmail.com,9876500141,Tech Solutions,"Busy, try later","Person was busy, will try again next week (Source: meridian_tower)"
23-05-2026,Arjun Kulkarni,arjun.kulkarni142@techcorp.in,+91 98765 00142,Startup Inc,Wrong number,Not interested in our services
"May 24, 2026",Meera Bose,"meera.bose143@example.com, meera.bose143.work@example.com",09876500143,Enterprise Corp,Sale completed successfully,"Deal closed, onboarding in progress"
2026-05-25 03:54:24,Karan Choudhury,karan.choudhury144@example.com,+919876500144 / +919876501144,Global Industries,Good Lead / Need Follow-up,Wants pricing plans sent over email (Source: sarjapur_plots)
2026-05-26T04:55:25.000Z,Aditi Iyer,aditi.iyer145@gmail.com,+919876500145,Apex Systems,Did not connect,"Call disconnected, number was unreachable"
27-05-2026,Manish Pillai,manish.pillai146@techcorp.in,9876500146,Innovate LLC,Bad Lead,Looking for 2BHK flat near Outer Ring Road
"May 28, 2026",Shalini Shetty,"shalini.shetty147@example.com, shalini.shetty147.work@example.com",+91 98765 00147,BlueSky Ventures,Deal closed,Expressed interest in commercial plots (Source: eden_park)
2026-05-29 07:58:28,Ravi Bhat,ravi.bhat148@example.com,09876500148,Quantum Tech,Interested / Callback requested,Wants a demo on coming Friday afternoon
2026-05-30T08:59:29.000Z,Tanvi Dutta,tanvi.dutta149@gmail.com,+919876500149 / +919876501149,Zenith Ltd,"Busy, try later",Invalid contact details or spam signup
01-05-2026,John Doe,john.doe150@techcorp.in,+919876500150,Pixel Studio,Wrong number,Inquired about developer discount plans (Source: leads_on_demand)
"May 2, 2026",Sarah Johnson,"sarah.johnson151@example.com, sarah.johnson151.work@example.com",9876500151,Matrix Corp,Sale completed successfully,Requested call back around 6 PM today
2026-05-03 12:02:32,Rajesh Patel,rajesh.patel152@example.com,+91 98765 00152,Nexus Inc,Good Lead / Need Follow-up,Needs approval from their manager first
2026-05-04T13:03:33.000Z,Priya Singh,priya.singh153@gmail.com,09876500153,Delta Partners,Did not connect,"Already using a competitor, but looking to switch (Source: varah_swamy)"
05-05-2026,Amit Sharma,amit.sharma154@techcorp.in,+919876500154 / +919876501154,Echo Media,Bad Lead,Client is asking to reschedule demo
"May 6, 2026",Neha Verma,"neha.verma155@example.com, neha.verma155.work@example.com",+919876500155,Summit Group,Deal closed,"Person was busy, will try again next week"
2026-05-07 04:06:36,David Smith,david.smith156@example.com,9876500156,Pinnacle Labs,Interested / Callback requested,Not interested in our services (Source: meridian_tower)
2026-05-08T05:07:37.000Z,Emma Brown,emma.brown157@gmail.com,+91 98765 00157,Vanguard Co,"Busy, try later","Deal closed, onboarding in progress"
09-05-2026,Siddharth Mehta,siddharth.mehta158@techcorp.in,09876500158,Synergy Works,Wrong number,Wants pricing plans sent over email
"May 10, 2026",Anjali Reddy,"anjali.reddy159@example.com, anjali.reddy159.work@example.com",+919876500159 / +919876501159,Alpha Capital,Sale completed successfully,"Call disconnected, number was unreachable (Source: sarjapur_plots)"
2026-05-11 08:10:40,No Contacts Ltd,,,No Contacts Ltd,Good Lead / Need Follow-up,Should be skipped because no email/phone
2026-05-12T09:11:41.000Z,Kriti Gupta,kriti.gupta161@gmail.com,9876500161,Tech Solutions,Did not connect,Expressed interest in commercial plots
13-05-2026,Vikram Sen,vikram.sen162@techcorp.in,+91 98765 00162,Startup Inc,Bad Lead,Wants a demo on coming Friday afternoon (Source: eden_park)
"May 14, 2026",Divya Nair,"divya.nair163@example.com, divya.nair163.work@example.com",09876500163,Enterprise Corp,Deal closed,Invalid contact details or spam signup
2026-05-15 12:14:44,Sanjay Rao,sanjay.rao164@example.com,+919876500164 / +919876501164,Global Industries,Interested / Callback requested,Inquired about developer discount plans
2026-05-16T13:15:45.000Z,Pooja Das,pooja.das165@gmail.com,+919876500165,Apex Systems,"Busy, try later",Requested call back around 6 PM today (Source: leads_on_demand)
17-05-2026,Rahul Roy,rahul.roy166@techcorp.in,9876500166,Innovate LLC,Wrong number,Needs approval from their manager first
"May 18, 2026",Sneha Kapoor,"sneha.kapoor167@example.com, sneha.kapoor167.work@example.com",+91 98765 00167,BlueSky Ventures,Sale completed successfully,"Already using a competitor, but looking to switch"
2026-05-19 04:18:48,Abhishek Malhotra,abhishek.malhotra168@example.com,09876500168,Quantum Tech,Good Lead / Need Follow-up,Client is asking to reschedule demo (Source: varah_swamy)
2026-05-20T05:19:49.000Z,Ritu Chawla,ritu.chawla169@gmail.com,+919876500169 / +919876501169,Zenith Ltd,Did not connect,"Person was busy, will try again next week"
21-05-2026,Vijay Saxena,vijay.saxena170@techcorp.in,+919876500170,Pixel Studio,Bad Lead,Not interested in our services
"May 22, 2026",Kiran Deshmukh,"kiran.deshmukh171@example.com, kiran.deshmukh171.work@example.com",9876500171,Matrix Corp,Deal closed,"Deal closed, onboarding in progress (Source: meridian_tower)"
2026-05-23 08:22:52,Arjun Kulkarni,arjun.kulkarni172@example.com,+91 98765 00172,Nexus Inc,Interested / Callback requested,Wants pricing plans sent over email
2026-05-24T09:23:53.000Z,Meera Bose,meera.bose173@gmail.com,09876500173,Delta Partners,"Busy, try later","Call disconnected, number was unreachable"
25-05-2026,Karan Choudhury,karan.choudhury174@techcorp.in,+919876500174 / +919876501174,Echo Media,Wrong number,Looking for 2BHK flat near Outer Ring Road (Source: sarjapur_plots)
"May 26, 2026",Aditi Iyer,"aditi.iyer175@example.com, aditi.iyer175.work@example.com",+919876500175,Summit Group,Sale completed successfully,Expressed interest in commercial plots
2026-05-27 12:26:56,Manish Pillai,manish.pillai176@example.com,9876500176,Pinnacle Labs,Good Lead / Need Follow-up,Wants a demo on coming Friday afternoon
2026-05-28T13:27:57.000Z,Shalini Shetty,shalini.shetty177@gmail.com,+91 98765 00177,Vanguard Co,Did not connect,Invalid contact details or spam signup (Source: eden_park)
29-05-2026,Ravi Bhat,ravi.bhat178@techcorp.in,09876500178,Synergy Works,Bad Lead,Inquired about developer discount plans
"May 30, 2026",Tanvi Dutta,"tanvi.dutta179@example.com, tanvi.dutta179.work@example.com",+919876500179 / +919876501179,Alpha Capital,Deal closed,Requested call back around 6 PM today
2026-05-01 03:30:00,No Contacts Ltd,,,No Contacts Ltd,Interested / Callback requested,Should be skipped because no email/phone
2026-05-02T04:31:01.000Z,Sarah Johnson,sarah.johnson181@gmail.com,9876500181,Tech Solutions,"Busy, try later","Already using a competitor, but looking to switch"
03-05-2026,Rajesh Patel,rajesh.patel182@techcorp.in,+91 98765 00182,Startup Inc,Wrong number,Client is asking to reschedule demo
"May 4, 2026",Priya Singh,"priya.singh183@example.com, priya.singh183.work@example.com",09876500183,Enterprise Corp,Sale completed successfully,"Person was busy, will try again next week (Source: varah_swamy)"
2026-05-05 07:34:04,Amit Sharma,amit.sharma184@example.com,+919876500184 / +919876501184,Global Industries,Good Lead / Need Follow-up,Not interested in our services
2026-05-06T08:35:05.000Z,Neha Verma,neha.verma185@gmail.com,+919876500185,Apex Systems,Did not connect,"Deal closed, onboarding in progress"
07-05-2026,David Smith,david.smith186@techcorp.in,9876500186,Innovate LLC,Bad Lead,Wants pricing plans sent over email (Source: meridian_tower)
"May 8, 2026",Emma Brown,"emma.brown187@example.com, emma.brown187.work@example.com",+91 98765 00187,BlueSky Ventures,Deal closed,"Call disconnected, number was unreachable"
2026-05-09 11:38:08,Siddharth Mehta,siddharth.mehta188@example.com,09876500188,Quantum Tech,Interested / Callback requested,Looking for 2BHK flat near Outer Ring Road
2026-05-10T12:39:09.000Z,Anjali Reddy,anjali.reddy189@gmail.com,+919876500189 / +919876501189,Zenith Ltd,"Busy, try later",Expressed interest in commercial plots (Source: sarjapur_plots)
11-05-2026,Rohan Joshi,rohan.joshi190@techcorp.in,+919876500190,Pixel Studio,Wrong number,Wants a demo on coming Friday afternoon
"May 12, 2026",Kriti Gupta,"kriti.gupta191@example.com, kriti.gupta191.work@example.com",9876500191,Matrix Corp,Sale completed successfully,Invalid contact details or spam signup
2026-05-13 03:42:12,Vikram Sen,vikram.sen192@example.com,+91 98765 00192,Nexus Inc,Good Lead / Need Follow-up,Inquired about developer discount plans (Source: eden_park)
2026-05-14T04:43:13.000Z,Divya Nair,divya.nair193@gmail.com,09876500193,Delta Partners,Did not connect,Requested call back around 6 PM today
15-05-2026,Sanjay Rao,sanjay.rao194@techcorp.in,+919876500194 / +919876501194,Echo Media,Bad Lead,Needs approval from their manager first
"May 16, 2026",Pooja Das,"pooja.das195@example.com, pooja.das195.work@example.com",+919876500195,Summit Group,Deal closed,"Already using a competitor, but looking to switch (Source: leads_on_demand)"
2026-05-17 07:46:16,Rahul Roy,rahul.roy196@example.com,9876500196,Pinnacle Labs,Interested / Callback requested,Client is asking to reschedule demo
2026-05-18T08:47:17.000Z,Sneha Kapoor,sneha.kapoor197@gmail.com,+91 98765 00197,Vanguard Co,"Busy, try later","Person was busy, will try again next week"
19-05-2026,Abhishek Malhotra,abhishek.malhotra198@techcorp.in,09876500198,Synergy Works,Wrong number,Not interested in our services (Source: varah_swamy)
"May 20, 2026",Ritu Chawla,"ritu.chawla199@example.com, ritu.chawla199.work@example.com",+919876500199 / +919876501199,Alpha Capital,Sale completed successfully,"Deal closed, onboarding in progress"
2026-05-21 11:50:20,No Contacts Ltd,,,No Contacts Ltd,Good Lead / Need Follow-up,Should be skipped because no email/phone